Below,BMI,TG,ABCB1_rs1128503_AA,ABCB1_rs1128503_AG,ABCB1_rs1128503_GG,mTOR_rs2076655_GG,mTOR_rs2076655_AG,mTOR_rs2076655_AA,IL10_rs1800896_CT
0,15.97,0.42,1,0,0,0,0,1,2
0,15.38,0.89,0,1,0,0,1,0,1
1,15.63,4.62,0,1,0,0,1,0,1
0,16.51,0.66,0,1,0,0,0,1,1
0,16.67,0.56,0,1,0,0,0,1,1
0,15.03,1.29,0,1,0,0,0,1,1
0,16.28,0.96,0,1,0,0,0,1,1
1,15.62,0.79,0,1,0,0,0,1,1
0,17.01,1.22,0,1,0,0,0,1,1
1,15.43,1.27,0,1,0,0,0,1,1
0,15.62,0.46,0,1,0,0,0,1,1
0,18.38,1.09,0,1,0,0,0,1,1
0,18.38,0.96,0,1,0,0,0,1,1
1,16.22,1.48,1,0,0,1,0,0,1
0,16.22,1.38,1,0,0,1,0,0,1
0,15.94,2.46,1,0,0,0,0,1,1
1,26.3,2.48,0,1,0,0,0,1,1
1,20.31,1.07,1,0,0,0,0,1,2
0,18.11,1.03,1,0,0,0,0,1,2
0,16.05,0.57,1,0,0,0,1,0,1
0,16.12,1.01,1,0,0,0,0,1,1
0,19.51,1.05,1,0,0,0,0,1,1
0,14.36,1.46,0,0,1,0,0,1,1
1,14.14,2.09,0,0,1,0,0,1,1
0,14.41,0.77,0,0,1,0,0,1,1
0,13.88,0.48,0,0,1,0,0,1,1
1,13.89,0.83,0,0,1,0,0,1,1
1,17.36,1.1,0,0,1,1,0,0,1
1,16,1.03,0,1,0,0,0,1,2
0,15.42,1.15,0,1,0,0,0,1,2
0,15.42,1.45,0,1,0,0,0,1,2
1,17.77,2.02,0,1,0,0,0,1,2
1,15.03,1.08,0,1,0,0,0,1,2
1,17.36,1.27,0,1,0,0,0,1,2
0,19.24,2.51,0,1,0,0,0,1,1
0,17.5,1.14,0,1,0,0,0,1,1
0,18.26,1.16,0,1,0,0,0,1,1
0,16.41,1.12,1,0,0,0,1,0,1
0,15.86,1.03,1,0,0,0,1,0,1
0,17.58,1.13,1,0,0,0,1,0,1
0,13.89,0.69,0,0,1,1,0,0,1
0,15.78,0.85,1,0,0,0,1,0,2
0,16.68,0.83,1,0,0,0,1,0,2
1,16.3,0.58,1,0,0,0,1,0,2
0,18.11,0.7,1,0,0,0,1,0,2
0,16.65,0.53,1,0,0,0,1,0,2
1,14.4,0.54,0,0,1,0,0,1,1
0,14.42,0.68,0,0,1,0,0,1,1
1,13.72,0.96,0,0,1,0,0,1,1
0,15.12,0.71,0,0,1,0,0,1,1
0,16,1.24,1,0,0,0,0,1,1
1,19.95,1.03,1,0,0,0,0,1,1
1,23.47,1.29,1,0,0,0,0,1,1
0,18.11,1.54,0,0,1,0,1,0,2
1,18.66,1.49,0,0,1,0,1,0,2
0,17.71,3.22,1,0,0,0,0,1,1
0,14.46,0.85,1,0,0,0,0,1,1
0,16.64,1.45,1,0,0,0,0,1,1
0,15.61,1.55,1,0,0,0,0,1,1
1,17.64,1.2,1,0,0,0,0,1,1
1,17.99,1.58,1,0,0,0,0,1,2
0,19,1.54,0,1,0,0,0,1,1
0,18.69,0.94,0,1,0,0,0,1,1
1,18.15,0.86,0,1,0,0,0,1,1
0,16.24,0.75,1,0,0,0,1,0,1
0,17.01,1.61,1,0,0,0,1,0,1
0,17.36,1.06,1,0,0,0,1,0,1
0,14.97,1.22,1,0,0,0,1,0,1
0,13.15,1.07,1,0,0,0,1,0,1
0,12.76,1.07,1,0,0,0,1,0,1
0,14.35,0.9,1,0,0,0,1,0,1
0,13.29,1.21,1,0,0,0,1,0,1
0,17.44,0.17,1,0,0,0,0,1,1
0,14.93,0.95,0,1,0,0,0,1,1
0,14.93,1.59,0,1,0,0,0,1,1
1,17.24,0.62,0,1,0,0,0,1,1
0,17.24,0.99,0,1,0,0,0,1,1
1,14.49,1.24,0,1,0,0,0,1,1
1,15.43,0.72,0,1,0,0,0,1,1
1,17.7,0.59,0,1,0,0,0,1,1
0,14.37,0.82,0,1,0,0,0,1,2
0,14.93,0.55,0,1,0,0,0,1,2
1,13.66,0.82,0,1,0,0,0,1,2
1,14.79,0.73,0,1,0,0,0,1,2
0,16.93,1.04,1,0,0,0,1,0,1
0,16,0.63,1,0,0,0,1,0,1
0,21.43,0.98,0,1,0,0,1,0,1
1,19.56,0.7,0,1,0,0,1,0,1
0,19.91,0.92,0,1,0,0,1,0,1
1,19.84,1.39,0,1,0,0,0,1,2
1,17.31,0.92,0,1,0,0,0,1,2
0,18.55,1.12,0,1,0,0,0,1,2
0,18.9,1.05,0,1,0,0,0,1,2
0,19.56,0.72,1,0,0,0,1,0,2
0,19.72,0.79,1,0,0,0,1,0,2
0,18.69,1.19,1,0,0,0,1,0,2
0,19.83,2.16,1,0,0,0,1,0,1
0,23.61,0.67,0,1,0,0,0,1,1
0,18.9,0.89,1,0,0,0,0,1,1
1,15.98,0.62,1,0,0,0,0,1,1
0,15.98,0.69,1,0,0,0,0,1,1
0,16.8,2.09,1,0,0,0,0,1,1
0,13.72,0.59,1,0,0,0,0,1,2
0,16.41,0.62,0,1,0,0,0,1,1
0,16.36,1.13,0,1,0,0,0,1,1
1,17.01,0.89,0,1,0,0,0,1,1
0,19.53,1.03,1,0,0,0,0,1,1
