Below,TG,BMI,ABCB1_rs1128503_AA,ABCB1_rs1128503_AG,ABCB1_rs1128503_GG,mTOR_rs2076655_GG,mTOR_rs2076655_AG,mTOR_rs2076655_AA,IL10_rs1800896_CT
0,0.42,15.97,1,0,0,0,0,1,2
0,0.89,15.38,0,1,0,0,1,0,1
1,4.62,15.63,0,1,0,0,1,0,1
0,0.66,16.51,0,1,0,0,0,1,1
0,0.56,16.67,0,1,0,0,0,1,1
0,1.29,15.03,0,1,0,0,0,1,1
0,0.96,16.28,0,1,0,0,0,1,1
1,0.79,15.62,0,1,0,0,0,1,1
0,1.22,17.01,0,1,0,0,0,1,1
1,1.27,15.43,0,1,0,0,0,1,1
0,0.46,15.62,0,1,0,0,0,1,1
0,1.09,18.38,0,1,0,0,0,1,1
0,0.96,18.38,0,1,0,0,0,1,1
1,1.48,16.22,1,0,0,1,0,0,1
0,1.38,16.22,1,0,0,1,0,0,1
0,2.46,15.94,1,0,0,0,0,1,1
1,2.48,26.3,0,1,0,0,0,1,1
1,1.07,20.31,1,0,0,0,0,1,2
0,1.03,18.11,1,0,0,0,0,1,2
0,0.57,16.05,1,0,0,0,1,0,1
0,1.01,16.12,1,0,0,0,0,1,1
0,1.05,19.51,1,0,0,0,0,1,1
0,1.46,14.36,0,0,1,0,0,1,1
1,2.09,14.14,0,0,1,0,0,1,1
0,0.77,14.41,0,0,1,0,0,1,1
0,0.48,13.88,0,0,1,0,0,1,1
1,0.83,13.89,0,0,1,0,0,1,1
1,1.1,17.36,0,0,1,1,0,0,1
1,1.03,16,0,1,0,0,0,1,2
0,1.15,15.42,0,1,0,0,0,1,2
0,1.45,15.42,0,1,0,0,0,1,2
1,2.02,17.77,0,1,0,0,0,1,2
1,1.08,15.03,0,1,0,0,0,1,2
1,1.27,17.36,0,1,0,0,0,1,2
0,2.51,19.24,0,1,0,0,0,1,1
0,1.14,17.5,0,1,0,0,0,1,1
0,1.16,18.26,0,1,0,0,0,1,1
0,1.12,16.41,1,0,0,0,1,0,1
0,1.03,15.86,1,0,0,0,1,0,1
0,1.13,17.58,1,0,0,0,1,0,1
0,0.69,13.89,0,0,1,1,0,0,1
0,0.85,15.78,1,0,0,0,1,0,2
0,0.83,16.68,1,0,0,0,1,0,2
1,0.58,16.3,1,0,0,0,1,0,2
0,0.7,18.11,1,0,0,0,1,0,2
0,0.53,16.65,1,0,0,0,1,0,2
1,0.54,14.4,0,0,1,0,0,1,1
0,0.68,14.42,0,0,1,0,0,1,1
1,0.96,13.72,0,0,1,0,0,1,1
0,0.71,15.12,0,0,1,0,0,1,1
0,1.24,16,1,0,0,0,0,1,1
1,1.03,19.95,1,0,0,0,0,1,1
1,1.29,23.47,1,0,0,0,0,1,1
0,1.54,18.11,0,0,1,0,1,0,2
1,1.49,18.66,0,0,1,0,1,0,2
0,3.22,17.71,1,0,0,0,0,1,1
0,0.85,14.46,1,0,0,0,0,1,1
0,1.45,16.64,1,0,0,0,0,1,1
0,1.55,15.61,1,0,0,0,0,1,1
1,1.2,17.64,1,0,0,0,0,1,1
1,1.58,17.99,1,0,0,0,0,1,2
0,1.54,19,0,1,0,0,0,1,1
0,0.94,18.69,0,1,0,0,0,1,1
1,0.86,18.15,0,1,0,0,0,1,1
0,0.75,16.24,1,0,0,0,1,0,1
0,1.61,17.01,1,0,0,0,1,0,1
0,1.06,17.36,1,0,0,0,1,0,1
0,1.22,14.97,1,0,0,0,1,0,1
0,1.07,13.15,1,0,0,0,1,0,1
0,1.07,12.76,1,0,0,0,1,0,1
0,0.9,14.35,1,0,0,0,1,0,1
0,1.21,13.29,1,0,0,0,1,0,1
0,0.17,17.44,1,0,0,0,0,1,1
0,0.95,14.93,0,1,0,0,0,1,1
0,1.59,14.93,0,1,0,0,0,1,1
1,0.62,17.24,0,1,0,0,0,1,1
0,0.99,17.24,0,1,0,0,0,1,1
1,1.24,14.49,0,1,0,0,0,1,1
1,0.72,15.43,0,1,0,0,0,1,1
1,0.59,17.7,0,1,0,0,0,1,1
0,0.82,14.37,0,1,0,0,0,1,2
0,0.55,14.93,0,1,0,0,0,1,2
1,0.82,13.66,0,1,0,0,0,1,2
1,0.73,14.79,0,1,0,0,0,1,2
0,1.04,16.93,1,0,0,0,1,0,1
0,0.63,16,1,0,0,0,1,0,1
0,0.98,21.43,0,1,0,0,1,0,1
1,0.7,19.56,0,1,0,0,1,0,1
0,0.92,19.91,0,1,0,0,1,0,1
1,1.39,19.84,0,1,0,0,0,1,2
1,0.92,17.31,0,1,0,0,0,1,2
0,1.12,18.55,0,1,0,0,0,1,2
0,1.05,18.9,0,1,0,0,0,1,2
0,0.72,19.56,1,0,0,0,1,0,2
0,0.79,19.72,1,0,0,0,1,0,2
0,1.19,18.69,1,0,0,0,1,0,2
0,2.16,19.83,1,0,0,0,1,0,1
0,0.67,23.61,0,1,0,0,0,1,1
0,0.89,18.9,1,0,0,0,0,1,1
1,0.62,15.98,1,0,0,0,0,1,1
0,0.69,15.98,1,0,0,0,0,1,1
0,2.09,16.8,1,0,0,0,0,1,1
0,0.59,13.72,1,0,0,0,0,1,2
0,0.62,16.41,0,1,0,0,0,1,1
0,1.13,16.36,0,1,0,0,0,1,1
1,0.89,17.01,0,1,0,0,0,1,1
0,1.03,19.53,1,0,0,0,0,1,1
